player_id,player_first_name,player_last_name
203967,Dario,Šarić
203496,Robert,Covington
203954,Joel,Embiid
1628365,Markelle,Fultz
1627732,Ben,Simmons
101161,Amir,Johnson
200755,JJ,Redick
204456,T.J.,McConnell
1629013,Landry,Shamet
1628413,Jonah,Bolden
1627788,Furkan,Korkmaz
1627743,Demetrius,Jackson
1629003,Shake,Milton
1628369,Jayson,Tatum
202330,Gordon,Hayward
201143,Al,Horford
1627759,Jaylen,Brown
202681,Kyrie,Irving
202694,Marcus,Morris Sr.
1626179,Terry,Rozier
203935,Marcus,Smart
203382,Aron,Baynes
1628464,Daniel,Theis
1628400,Semi,Ojeleye
1627824,Guerschon,Yabusele
202954,Brad,Wanamaker
202331,Paul,George
202335,Patrick,Patterson
203500,Steven,Adams
1628390,Terrance,Ferguson
203471,Dennis,Schröder
203924,Jerami,Grant
203518,Alex,Abrines
101109,Raymond,Felton
203457,Nerlens,Noel
1628977,Hamidou,Diallo
1629126,Deonte,Burton
1627789,Timothe,Luwawu-Cabarrot
1627846,Abdel,Nader
201142,Kevin,Durant
203110,Draymond,Green
1627745,Damian,Jones
202691,Klay,Thompson
201939,Stephen,Curry
1626172,Kevon,Looney
2738,Andre,Iguodala
1626188,Quinn,Cook
2733,Shaun,Livingston
1628395,Jordan,Bell
1628035,Alfonzo,McKinnie
201973,Jonas,Jerebko
1628980,Jacob,Evans
203114,Khris,Middleton
203507,Giannis,Antetokounmpo
201572,Brook,Lopez
1627763,Malcolm,Brogdon
202339,Eric,Bledsoe
1628978,Donte,DiVincenzo
101141,Ersan,Ilyasova
203089,John,Henson
203503,Tony,Snell
1626174,Christian,Wood
1628425,Sterling,Brown
1626192,Pat,Connaughton
203521,Matthew,Dellavedova
201587,Nicolas,Batum
101107,Marvin,Williams
203469,Cody,Zeller
203087,Jeremy,Lamb
202689,Kemba,Walker
1626195,Willy,Hernangomez
203077,Michael,Kidd-Gilchrist
1628370,Malik,Monk
1628970,Miles,Bridges
2225,Tony,Parker
1628407,Dwayne,Bacon
202687,Bismack,Biyombo
1626163,Frank,Kaminsky
203925,Joe,Harris
201162,Jared,Dudley
1628386,Jarrett,Allen
1627747,Caris,LeVert
1626156,D'Angelo,Russell
203915,Spencer,Dinwiddie
1626203,Treveon,Graham
202334,Ed,Davis
1629066,Rodions,Kurucs
202702,Kenneth,Faried
1629058,Dzanan,Musa
1629033,Theo,Pinson
1628379,Luke,Kennard
201933,Blake,Griffin
203083,Andre,Drummond
1628971,Bruce,Brown
202704,Reggie,Jackson
204038,Langston,Galloway
203922,Glenn,Robinson III
202397,Ish,Smith
2585,Zaza,Pachulia
1629155,Zach,Lofton
203493,Reggie,Bullock Jr.
101181,Jose,Calderon
1627740,Henry,Ellenson
1626169,Stanley,Johnson
202720,Jon,Leuer
202718,Chandler,Parsons
203210,JaMychal,Green
201188,Marc,Gasol
202066,Garrett,Temple
201144,Mike,Conley
203937,Kyle,Anderson
1628991,Jaren,Jackson Jr.
202714,Shelvin,Mack
1628415,Dillon,Brooks
202705,MarShon,Brooks
1627782,Wayne,Selden
201956,Omri,Casspi
1628397,Ivan,Rabb
202711,Bojan,Bogdanović
201152,Thaddeus,Young
1626167,Myles,Turner
203506,Victor,Oladipo
201954,Darren,Collison
1627734,Domantas,Sabonis
201936,Tyreke,Evans
202709,Cory,Joseph
1628388,T.J.,Leaf
203926,Doug,McDermott
1628410,Edmond,Sumner
1628988,Aaron,Holiday
203124,Kyle,O'Quinn
203585,Rodney,McGruder
1627884,Derrick,Jones Jr.
202355,Hassan,Whiteside
1626196,Josh,Richardson
201609,Goran,Dragic
2548,Dwyane,Wade
204020,Tyler,Johnson
1628389,Bam,Adebayo
203482,Kelly,Olynyk
201961,Wayne,Ellington
2617,Udonis,Haslem
1628999,Yante,Maten
1629130,Duncan,Robinson
1628371,Jonathan,Isaac
203932,Aaron,Gordon
202696,Nikola,Vučević
203095,Evan,Fournier
201571,D.J.,Augustin
1628964,Mo,Bamba
203082,Terrence,Ross
203613,Jonathon,Simmons
1626170,Jerian,Grant
203920,Khem,Birch
1628515,Isaiah,Briscoe
1628411,Wes,Iwundu
1626185,Jarell,Martin
1713,Vince,Carter
1627752,Taurean,Prince
203458,Alex,Len
203145,Kent,Bazemore
1629027,Trae,Young
1627816,Alex,Poythress
202391,Jeremy,Lin
1627761,DeAndre',Bembry
203101,Miles,Plumlee
1628416,Tyler,Dorsey
1629016,Omari,Spellman
1628989,Kevin,Huerter
1629121,Jaylen,Adams
1628373,Frank,Ntilikina
202498,Lance,Thomas
202683,Enes,Freedom
203504,Trey,Burke
203501,Tim,Hardaway Jr.
1628995,Kevin,Knox II
1627758,Ron,Baker
1629011,Mitchell,Robinson
1629019,Allonzo,Trier
203943,Noah,Vonleh
1626209,Mario,Hezonja
1628422,Damyean,Dotson
201584,Courtney,Lee
1626224,Cedi,Osman
201567,Kevin,Love
202684,Tristan,Thompson
203918,Rodney,Hood
201588,George,Hill
1627790,Ante,Zizic
2594,Kyle,Korver
1629012,Collin,Sexton
1626155,Sam,Dekker
203903,Jordan,Clarkson
1628021,David,Nwaba
204066,John,Holland
101112,Channing,Frye
202695,Kawhi,Leonard
1627783,Pascal,Siakam
202685,Jonas,Valančiūnas
201980,Danny,Green
200768,Kyle,Lowry
1628384,OG,Anunoby
201586,Serge,Ibaka
1627832,Fred,VanVleet
1626181,Norman,Powell
101139,CJ,Miles
203485,Lorenzo,Brown
1627781,Malachi,Richardson
202328,Greg,Monroe
202734,E'Twaun,Moore
202703,Nikola,Mirotic
203076,Anthony,Davis
203901,Elfrid,Payton
201950,Jrue,Holiday
203944,Julius,Randle
203121,Darius,Miller
203524,Solomon,Hill
1629026,Kenrich,Williams
1628402,Frank,Jackson
1626143,Jahlil,Okafor
1627767,Cheick,Diallo
203546,Ian,Clark
203516,James,Ennis III
200782,P.J.,Tucker
203991,Clint,Capela
201935,James,Harden
101108,Chris,Paul
2546,Carmelo,Anthony
201569,Eric,Gordon
203487,Michael,Carter-Williams
101123,Gerald,Green
1629109,Gary,Clark
1628392,Isaiah,Hartenstein
203952,Andrew,Wiggins
201959,Taj,Gibson
1626157,Karl-Anthony,Towns
202710,Jimmy,Butler III
201952,Jeff,Teague
201565,Derrick,Rose
203476,Gorgui,Dieng
1626145,Tyus,Jones
201229,Anthony,Tolliver
1628966,Keita,Bates-Diop
2736,Luol,Deng
203263,James,Nunnally
1629006,Josh,Okogie
1628383,Justin,Patton
200752,Rudy,Gay
200746,LaMarcus,Aldridge
1627751,Jakob,Poeltl
201942,DeMar,DeRozan
1627854,Bryn,Forbes
2200,Pau,Gasol
201988,Patty,Mills
201158,Marco,Belinelli
201967,Dante,Cunningham
202722,Dāvis,Bertāns
1629234,Drew,Eubanks
1629002,Chimezie,Metu
202347,Quincy,Pondexter
204060,Joe,Ingles
202324,Derrick,Favors
203497,Rudy,Gobert
1628378,Donovan,Mitchell
201937,Ricky,Rubio
203109,Jae,Crowder
202692,Alec,Burks
203957,Danté,Exum
1626220,Royce,O'Neale
1627777,Georges,Niang
1628960,Grayson,Allen
200757,Thabo,Sefolosha
202327,Ekpe,Udoh
1627741,Buddy,Hield
202357,Nemanja,Bjelica
1626161,Willie,Cauley-Stein
1627812,Yogi,Ferrell
1628368,De'Aaron,Fox
1628382,Justin,Jackson
202697,Iman,Shumpert
1628963,Marvin,Bagley III
1628412,Frank,Mason III
1628385,Harry,Giles III
1629117,Wenyen,Gabriel
1627746,Skal,Labissiere
203463,Ben,McLemore
203115,Will,Barton
200794,Paul,Millsap
203999,Nikola,Jokić
203914,Gary,Harris
1627750,Jamal,Murray
1626168,Trey,Lyles
1628420,Monté,Morris
203486,Mason,Plumlee
1627823,Juancho,Hernangomez
1627736,Malik,Beasley
1629118,Thomas,Welsh
1628470,Torrey,Craig
1628399,Tyler,Lydon
202699,Tobias,Harris
201568,Danilo,Gallinari
101162,Marcin,Gortat
202340,Avery,Bradley
201976,Patrick,Beverley
1626149,Montrezl,Harrell
101150,Lou,Williams
1628983,Shai,Gilgeous-Alexander
201601,Luc,Mbah a Moute
203118,Mike,Scott
1626246,Boban,Marjanović
1629010,Jerome,Robinson
1627820,Tyrone,Wallace
1627827,Dorian,Finney-Smith
1629029,Luka,Dončić
201599,DeAndre,Jordan
202083,Wesley,Matthews
1628372,Dennis,Smith Jr.
2734,Devin,Harris
200826,J.J.,Barea
1628467,Maxi,Kleber
1629151,Ryan,Broekhoff
203939,Dwight,Powell
1628973,Jalen,Brunson
1629034,Ray,Spalding
1626257,Salah,Mejri
2772,Trevor,Ariza
201583,Ryan,Anderson
1629028,Deandre,Ayton
1626164,Devin,Booker
203477,Isaiah,Canaan
203933,T.J.,Warren
1628367,Josh,Jackson
2199,Tyson,Chandler
1629059,Elie,Okobo
203584,Troy,Daniels
1628969,Mikal,Bridges
1627733,Dragan,Bender
1626158,Richaun,Holmes
1628432,Davon,Reed
1628984,Devonte',Graham
202325,Wesley,Johnson
204025,Tim,Frazier
201163,Wilson,Chandler
203488,Mike,Muscala
1626153,Delon,Wright
1628449,Chris,Boucher
1628070,Jordan,Loyd
1628381,John,Collins
203473,Dewayne,Dedmon
1626147,Justin,Anderson
1627772,Daniel,Hamilton
1626144,Emmanuel,Mudiay
2544,LeBron,James
1628398,Kyle,Kuzma
201580,JaVale,McGee
1627742,Brandon,Ingram
1628366,Lonzo,Ball
1628404,Josh,Hart
203484,Kentavious,Caldwell-Pope
202362,Lance,Stephenson
201563,Michael,Beasley
1629004,Svi,Mykhailiuk
1629021,Moritz,Wagner
1627826,Ivica,Zubac
1626204,Larry,Nance Jr.
1626150,Andrew,Harrison
2037,Jamal,Crawford
203200,Justin,Holiday
203953,Jabari,Parker
1628976,Wendell,Carter Jr.
203897,Zach,LaVine
1627853,Ryan,Arcidiacono
1628469,Antonio,Blakeney
201577,Robin,Lopez
1626166,Cameron,Payne
1627885,Shaquille,Harrison
1626245,Cristiano,Felicio
1628374,Lauri,Markkanen
1629017,Khyri,Thomas
1627737,Marquese,Chriss
1627774,Jake,Layman
202329,Al-Farouq,Aminu
203994,Jusuf,Nurkić
203468,CJ,McCollum
203081,Damian,Lillard
203090,Maurice,Harkless
202323,Evan,Turner
203086,Meyers,Leonard
203917,Nik,Stauskas
1628380,Zach,Collins
1627735,Wade,Baldwin IV
1629014,Anfernee,Simons
1628403,Caleb,Swanigan
1627748,Thon,Maker
1628537,Jaylen,Morris
1629152,DeVaughn,Akoon-Purcell
203459,Allen,Crabbe
201960,DeMarre,Carroll
1626178,Rondae,Hollis-Jefferson
203894,Shabazz,Napier
203084,Harrison,Barnes
203474,DJ,Stephens
1628401,Derrick,White
203992,Bogdan,Bogdanović
1627786,Troy,Williams
203526,Raul,Neto
201566,Russell,Westbrook
1627814,Damion,Lee
1628462,Milos,Teodosic
1628414,Sindarius,Thornwell
1629057,Robert,Williams III
1626162,Kelly,Oubre Jr.
203490,Otto,Porter Jr.
1628418,Thomas,Bryant
203078,Bradley,Beal
202322,John,Wall
203107,Tomas,Satoransky
202693,Markieff,Morris
203085,Austin,Rivers
201145,Jeff,Green
1627855,Okaro,White
101133,Ian,Mahinmi
201160,Jason,Smith
1628387,Ike,Anigbogu
201949,James,Johnson
1626159,Justise,Winslow
1629093,Tyler,Davis
203552,Seth,Curry
1628972,Troy,Brown Jr.
2730,Dwight,Howard
1628990,Chandler,Hutchison
1628975,Jevon,Carter
1629139,Yuta,Watanabe
1628993,Alize,Johnson
201585,Kosta,Koufos
1629001,De'Anthony,Melton
1629094,Marcus,Derrickson
1628417,Jaron,Blossomgame
1627883,Jalen,Jones
1629164,Brandon,Goodwin
201149,Joakim,Noah
1628391,D.J.,Wilson
1628436,Luke,Kornet
1629018,Gary,Trent Jr.
1627863,Danuel,House Jr.
2403,Nene,
1629067,Isaac,Bonga
1628393,Jawun,Evans
1628994,George,King
1628979,Trevon,Duval
1628408,PJ,Dozier
1627739,Kris,Dunn
1626171,Bobby,Portis
1628982,Melvin,Frazier Jr.
201156,Nick,Young
1629037,Keenan,Evans
1628421,Devin,Robinson
202688,Brandon,Knight
1717,Dirk,Nowitzki
203961,Eric,Moreland
203895,Jordan,McRae
1628959,Rawle,Alkins
1626184,Chasson,Randle
201573,Jerryd,Bayless
200765,Rajon,Rondo
1629123,Jared,Terrell
1628405,Johnathan,Motley
1629102,Brandon,Sampson
1626210,Alan,Williams
1628249,Mitchell,Creek
203098,John,Jenkins
1629133,Daryl,Macon
1629061,Deng,Adel
1628424,Kobi,Simmons
203079,Dion,Waiters
202326,DeMarcus,Cousins
1629150,Emanuel,Terry
1628513,Naz,Mitrou-Long
1628463,Tyler,Cavanaugh
201147,Corey,Brewer
203998,Bruno,Caboclo
1627395,Julian,Washburn
1628443,Kadeem,Allen
1628439,Isaiah,Hicks
1627775,Patrick,McCaw
1629022,Lonnie,Walker IV
1629312,Haywood,Highsmith
1628518,Amile,Jefferson
1629020,Jarred,Vanderbilt
1629116,Angel,Delgado
203710,C.J.,Williams
1629055,Donte,Grantham
1629053,Vincent,Edwards
1626296,Jordan,Sibert
1627936,Alex,Caruso
203093,Terrence,Jones
201975,Jodie,Meeks
202738,Isaiah,Thomas
1629045,Bonzie,Colson
1629185,Chris,Chiozza
1626259,Malcolm,Miller
1629244,Cam,Reynolds
1628769,Tahjere,McCall
1629168,BJ,Johnson
1629140,Johnathan,Williams
1628505,Troy,Caupain
1628961,Kostas,Antetokounmpo
202700,Donatas,Motiejunas
1626780,Jonathan,Gibson
101106,Andrew,Bogut
1629015,Zhaire,Smith
1629023,P.J.,Washington
1628998,Cody,Martin
1628997,Caleb,Martin
1627749,Dejounte,Murray
203960,JaKarr,Sampson
1629048,Goga,Bitadze
1629598,Chris,Clemons
1628396,Tony,Bradley
1629742,Stanton,Kidd
1628430,Nigel,Williams-Goss
1629630,Ja,Morant
1629634,Brandon,Clarke
1629741,Marko,Guduric
1629060,Rui,Hachimura
1629633,Jarrett,Culver
1629103,Kelan,Martin
1629680,Matisse,Thybulle
1629647,Darius,Bazley
1628985,Devon,Hall
1629035,Carsen,Edwards
1629684,Grant,Williams
1629750,Javonte,Green
1629738,Vincent,Poirier
1629672,Eric,Paschall
1629673,Jordan,Poole
1629065,Ky,Bowman
1629610,DaQuan,Jeffries
1629713,Justin,James
1629668,Zach,Norvell Jr.
1629651,Nic,Claxton
1629632,Coby,White
1627756,Denzel,Valentine
203648,Thanasis,Antetokounmpo
1628968,Brian,Bowen II
1629628,RJ,Barrett
1629649,Ignas,Brazdeikis
1629740,Nicolo,Melli
1629637,Jaxson,Hayes
1629638,Nickeil,Alexander-Walker
1627982,Josh,Gray
1629597,Zylan,Cheatham
1629134,Kendrick,Nunn
1629639,Tyler,Herro
1629735,Chris,Silva
1629056,Terence,Davis
1629744,Matt,Thomas
1629608,Dewan,Hernandez
204001,Kristaps,Porziņģis
1629642,Nassir,Little
1629640,Keldon,Johnson
1629631,De'Andre,Hunter
1629629,Cam,Reddish
1628981,Bruno,Fernando
1629718,Charlie,Brown Jr.
1629611,Terance,Mann
1629662,Mfiondu,Kabengele
1628476,Derrick,Walton Jr.
1629636,Darius,Garland
1629645,Kevin,Porter Jr.
1629076,Tyler,Cook
1629008,Michael,Porter Jr.
1629731,Dean,Wade
1629052,Oshae,Brissett
1629655,Daniel,Gafford
1629661,Cameron,Johnson
1629675,Naz,Reid
1629620,Justin,Robinson
1629678,Admiral,Schofield
203705,Josh,Magette
1629622,Max,Strus
1629625,Justin,Wright-Foreman
1629650,Moses,Brown
1629658,Jaylen,Hoard
1629752,Juwan,Morgan
1629671,Miye,Oni
1629669,Jaylen,Nowell
1629635,Sekou,Doumbouya
1629648,Jordan,Bone
1629657,Kyle,Guy
1629682,Tremont,Waters
1629044,Shamorie,Ponds
203658,Norvel,Pelle
1629660,Ty,Jerome
1629652,Luguentz,Dort
1628427,Vlatko,Čančar
1629621,Marial,Shayok
1629659,Talen,Horton-Tucker
1629644,KZ,Okpala
1629641,Romeo,Langford
1629605,Tacko,Fall
1629723,John,Konchar
1629726,Garrison,Mathews
1629667,Jalen,McDaniels
1629719,Devontae,Cacok
1628394,Anžejs,Pasečņiks
1629714,Jarrell,Brantley
1629627,Zion,Williamson
1629760,Matt,Mooney
1629216,Gabe,Vincent
1627780,Gary,Payton II
1629690,Adam,Mokoka
1629730,Rayjon,Tucker
1626187,Michael,Frazier II
1629676,Isaiah,Roby
1628778,Paul,Watson
1629716,Marques,Bolden
1629725,Jeremiah,Martin
1629162,Jordan,McLaughlin
1628499,Antonius,Cleveland
1628450,Eric,Mika
1629739,William,Howard
1629745,Tariq,Owens
1629665,Jalen,Lecque
1629607,Jared,Harper
1629663,Louis,King
1629734,Kyle,Alexander
1629724,Vic,Law
1629599,Amir,Coffey
1629308,Juan,Toscano-Anderson
202951,Jeremy,Pargo
1629346,Alen,Smailagic
1629683,Quinndary,Weatherspoon
1629147,Joe,Chealey
1629743,Donta,Hall
1628605,Dusty,Hannahs
1629677,Luka,Samanic
1628539,Mychal,Mulder
1627784,Jarrod,Uthoff
1628987,Kevin,Hervey
1629685,Dylan,Windler
1626218,Sir'Dominic,Pointer
1627815,Sheldon,Mac
1629626,Bol,Bol
2747,JR,Smith
1630199,Cassius,Stanley
1628578,Amida,Brimah
1630262,Rayshaun,Hammonds
1630171,Isaac,Okoro
1626260,Levi,Randolph
1630205,Lamar,Stevens
1629666,Charles,Matthews
1630201,Malachi,Flynn
1630223,Jalen,Harris
1630163,LaMelo,Ball
1630176,Vernon,Carey Jr.
1630268,Nate,Darling
1630208,Nick,Richards
1630270,Xavier,Sneed
1630269,Keandre,Cook
1629602,Javin,DeLaurier
1630203,Grant,Riller
1630232,Kahlil,Whitney
1630184,Kira,Lewis Jr.
1628974,Tony,Carr
1630266,Will,Magnay
1630230,Naji,Marshall
1630173,Precious,Achiuwa
1630254,Breein,Tyree
1630220,Paul,Eboua
1630182,Josh,Green
1630189,Tyler,Bey
1630179,Tyrell,Terry
1630207,Nate,Hinton
1630273,Freddie,Gillespie
1629670,Jordan,Nwora
1630241,Sam,Merrill
1629603,Mamadi,Diakite
1630272,E.J.,Montgomery
1630217,Desmond,Bane
1629958,Ahmad,Caver
1630253,Sean,McDermott
1630261,Jahlil,Tripp
1630214,Xavier,Tillman
1630162,Anthony,Edwards
1630183,Jaden,McDaniels
1630204,Ashton,Hagans
1630278,Ade,Murkey
1630188,Jalen,Smith
1630234,Ty-Shon,Alexander
1630190,Elijah,Hughes
1628962,Udoka,Azubuike
1630235,Trent,Forrest
1630255,Jake,Toolson
1629129,Trevon,Bluiett
1630265,Romaro,Gill
1630202,Payton,Pritchard
1630174,Aaron,Nesmith
1630178,Tyrese,Maxey
1629751,Dakota,Mathias
1630198,Isaiah,Joe
1630194,Paul,Reed
1630170,Devin,Vassell
1630200,Tre,Jones
203092,Tyler,Zeller
1630256,Jae'Sean,Tate
1630222,Mason,Jones
1630231,KJ,Martin
1630243,Trevelin,Queen
1630271,Brodric,Thomas
1629624,Kenny,Wooten
1626253,Axel,Toupane
1629700,Kaleb,Wesson
1630185,Nico,Mannion
1630263,Dwayne,Sutton
1630164,James,Wiseman
1630169,Tyrese,Haliburton
1630218,Robert,Woodard II
1630186,Jahmi'us,Ramsey
1630167,Obi,Toppin
1630193,Immanuel,Quickley
1629619,Myles,Powell
1630172,Patrick,Williams
1629679,Simisola,Shittu
1629653,Devon,Dotson
1630177,Theo,Maledon
1630197,Aleksej,Pokusevski
1630221,Josh,Hall
1629604,CJ,Elleby
1629833,Keljin,Blevins
1630267,Facundo,Campazzo
1630192,Zeke,Nnaji
1630210,Markus,Howard
1630181,R.J.,Hampton
204222,Greg,Whittington
1629643,Chuma,Okeke
1630175,Cole,Anthony
1629962,Devin,Cannady
1629606,Robert,Franks
1630211,Karim,Mane
1630257,Jon,Teske
1630165,Killian,Hayes
1630180,Saddiq,Bey
1630191,Isaiah,Stewart
1630240,Saben,Lee
1629686,Deividas,Sirvydis
1630166,Deni,Avdija
1630216,Cassius,Winston
1630264,Anthony,Gill
1630213,Yoeli,Childs
1630258,Caleb,Homesley
1630260,Marlon,Taylor
1630219,Skylar,Mays
1630233,Nathan,Knight
1630168,Onyeka,Okongwu
1629783,Shaq,Buchanan
1629594,Bennie,Boatwright
1629007,Jontay,Porter
1629681,Killian,Tillie
1630286,Trevon,Scott
1630187,Daniel,Oturu
1630206,Jay,Scrubb
1629596,Bryce,Brown
1629617,Reggie,Perry
203460,Andre,Roberson
1630237,Anthony,Lamb
1629717,Armoni,Brooks
1628455,Mike,James
1630466,Gabriel,Deck
1629712,Didi,Louzada
2760,Anderson,Varejao
1628419,Cameron,Oliver
1629091,Elijah,Bryant
1630532,Franz,Wagner
1630591,Jalen,Suggs
1630567,Scottie,Barnes
1630625,Dalano,Banton
1630551,Justin,Champagnie
1630525,David,Johnson
1630537,Chris,Duarte
1630613,Duane,Washington Jr.
1630610,DeJon,Jarreau
1630549,Day'Ron,Sharpe
1630560,Cam,Thomas
1630547,James,Bouknight
1630539,Kai,Jones
1630209,Omer,Yurtseven
1630558,Davion,Mitchell
1630529,Herbert,Jones
1630530,Trey,Murphy III
1630631,Jose,Alvarado
1629756,Daulton,Hommes
1630647,Eugene,Omoruyi
1630538,Bones,Hyland
1627822,Petr,Cornelie
1630553,Keon,Johnson
1630535,Greg,Brown III
1630596,Evan,Mobley
1630559,Austin,Reaves
1630557,Corey,Kispert
1630555,Joel,Ayayi
1630225,Isaiah,Todd
1630595,Cade,Cunningham
1630568,Luka,Garza
1630691,Jamorko,Pickett
1630540,Miles,McBride
1629656,Quentin,Grimes
1630579,Jericho,Sims
1630552,Jalen,Johnson
1629646,Charles,Bassey
1630215,Jared,Butler
1630238,Malik,Fitts
1630245,Ayo,Dosunmu
1630533,Ziaire,Williams
1630583,Santi,Aldama
1629111,Jock,Landale
1630686,Georgios,Kalaitzakis
1630572,Sandro,Mamukelashvili
1630526,Jeremiah,Robinson-Earl
1630581,Josh,Giddey
1630541,Moses,Moody
1630228,Jonathan,Kuminga
1630195,Leandro,Bolmaro
1630550,JT,Thor
1630224,Jalen,Green
1630578,Alperen,Sengun
1630528,Josh,Christopher
1630586,Usman,Garuba
1630536,Sharife,Cooper
1630527,Brandon,Boston
1630605,JaQuori,McLaughlin
1630698,Kevin,Pangos
1630563,Joshua,Primo
1630580,Joe,Wieskamp
1630288,Jeff,Dowtin Jr.
1630688,Ish,Wainright
1630565,Aaron,Henry
1630531,Jaden,Springer
1630643,Jay,Huff
1630249,Vít,Krejčí
1630544,Tre,Mann
1630598,Aaron,Wiggins
1630556,Kessler,Edwards
1630612,Ruben,Nembhard Jr.
1630585,Marcus,Garrett
1630250,Marko,Simonovic
1630573,Sam,Hauser
1630543,Isaiah,Jackson
1630593,McKinley,Wright IV
1630570,Trendon,Watford
1630554,Jason,Preston
1630606,Javonte,Smart
1626208,Keifer,Sykes
1630678,Terry,Taylor
1630561,David,Duke Jr.
1629875,Xavier,Moon
1630227,Daishen,Nix
1630846,Olivier,Sarr
1630644,Mac,McClung
1629674,Neemias,Queta
1629083,Arnoldas,Kulboka
1630575,Scottie,Lewis
1630296,Braxton,Key
1629623,Lindell,Wigginton
1630792,Malcolm,Hill
1630582,Yves,Pons
1630314,Brandon,Williams
1630322,Lindy,Waters III
1630587,Isaiah,Livers
1630648,Jordan,Schakel
1630589,Moses,Wright
1630994,Gabriel,Lundberg
1630285,Zavier,Simpson
1630624,Feron,Hunt
1630346,Matt,Ryan
1628221,Gabe,York
1630597,DJ,Stewart
1630492,Luca,Vildoza
1631094,Paolo,Banchero
1630284,Kevon,Harris
1631216,Caleb,Houstan
1631100,AJ,Griffin
1631213,Tyrese,Martin
1631105,Jalen,Duren
1631121,Bryce,McGowens
1631109,Mark,Williams
1631132,Christian,Koloko
1630699,MarJon,Beauchamp
1631097,Bennedict,Mathurin
1629614,Andrew,Nembhard
1631207,Dalen,Terry
1631110,Jeremy,Sochan
1631111,Wendell,Moore Jr.
1631095,Jabari,Smith Jr.
1631106,Tari,Eason
1631309,Trevor,Hudgins
1631117,Walker,Kessler
1631323,Simone,Fontecchio
1630534,Ochai,Agbaji
1631108,Max,Christie
1631128,Christian,Braun
1631212,Peyton,Watson
1631298,Jack,White
1631107,Nikola,Jović
1630696,Dru,Smith
1631101,Shaedon,Sharpe
1631133,Jabari,Walker
1630702,Jaden,Hardy
1631217,Moussa,Diabaté
1631172,Ousmane,Dieng
1631119,Jaylin,Williams
1631288,Jamal,Cain
1631116,Patrick,Baldwin Jr.
1631157,Ryan,Rollins
1631223,David,Roddy
1631222,Jake,LaRavia
1631113,Kennedy,Chandler
1631254,Kenneth,Lofton Jr.
1631246,Vince,Williams Jr.
1631099,Keegan,Murray
1631320,Chima,Moneke
1631093,Jaden,Ivey
1631098,Johnny,Davis
1630692,Jordan,Goodwin
1631104,Blake,Wesley
1631103,Malaki,Branham
1630695,Micah,Potter
1631220,Dereon,Seabron
1631114,Jalen,Williams
1630548,Johnny,Juzang
1630590,Scotty,Pippen Jr.
1631199,Ron,Harper Jr.
1631160,Jordan,Hall
1631230,Dominick,Barlow
1630700,Dyson,Daniels
1631219,John,Butler Jr.
1631102,TyTy,Washington Jr.
1630639,A.J.,Lawson
1631120,JD,Davison
1631115,Orlando,Robinson
1630600,Isaiah,Mobley
1631260,AJ,Green
1631165,Keon,Ellis
1630577,Julian,Champagnie
1631169,Josh,Minott
1630701,Michael,Foster Jr.
1631112,Kendall,Brown
1630641,Ibou,Badji
1631306,Cole,Swider
1631197,Jared,Rhoden
1630637,Carlik,Jones
1630604,E.J.,Liddell
1630620,Darius,Days
1631205,Buddy,Boeheim
1631123,Jamaree,Bouyea
1630649,Stanley,Umude
1631211,Trevor,Keels
1631245,Quenton,Jackson
1631466,Nate,Williams
1641645,Xavier,Cooks
1631311,Lester,Quinones
1631495,Donovan,Williams
1631303,Justin,Minaya
1641731,Bilal,Coulibaly
1641706,Brandon,Miller
1641733,Nick,Smith Jr.
1641778,Leaky,Black
1641735,Amari,Bailey
1641718,Keyonte,George
1641767,Ben,Sheppard
1641716,Jarace,Walker
1641738,Kobe,Brown
1630592,Jalen,Wilson
1641705,Victor,Wembanyama
1641763,Julian,Phillips
1630658,Colin,Castleton
1641793,D'Moi,Hodge
1641721,Maxwell,Lewis
1631170,Jaime,Jaquez Jr.
1631367,Jacob,Gilyard
1641713,GG,Jackson
1641709,Ausar,Thompson
1631204,Marcus,Sasser
1630608,Malcolm,Cazalon
1641748,Andre,Jackson Jr.
1641753,Chris,Livingston
1641722,Jordan,Hawkins
1641854,Craig,Porter Jr.
1631096,Chet,Holmgren
1641717,Cason,Wallace
203995,Vasilije,Micić
1641711,Gradey,Dick
1641765,Olivier-Maxence,Prosper
1631218,Trayce,Jackson-Davis
1641764,Brandin,Podziemski
1631221,Collin,Gillespie
1631124,Julian,Strawther
1629618,Jalen,Pickett
1641816,Hunter,Tyson
1641739,Toumani,Camara
1631200,Kris,Murray
1641712,Rayan,Rupert
1630259,Jordan,Ford
1641732,Colby,Jones
1630196,Filip,Petrusev
1628426,Sasha,Vezenkov
1641710,Anthony,Black
1641724,Jett,Howard
1641726,Dereck,Lively II
1641720,Jalen,Hood-Schifino
1641734,Emoni,Bates
1641871,Duop,Reath
1641788,Alex,Fudge
1641806,Markquis,Nowell
1630611,Gui,Santos
1641931,Onuralp,Bitim
1641771,Jalen,Slawson
1641777,Charles,Bediako
1631321,Sidy,Cissoko
1641811,Sir'Jabari,Rice
1641707,Taylor,Hendricks
1641729,Brice,Sensabaugh
1631257,Jermaine,Samuels Jr.
1641715,Cam,Whitmore
1630703,Scoot,Henderson
1641775,Jordan,Walsh
1631159,Leonard,Miller
1641730,Noah,Clowney
1641757,Jordan,Miller
1631131,Oscar,Tshiebwe
1641766,Adama,Sanogo
1641926,Dexter,Dennis
1631210,Jacob,Toppin
1641798,Jaylen,Martin
1631262,Jules,Bernard
1631209,Isaiah,Wong
1641754,Seth,Lundy
1641708,Amen,Thompson
1641741,Ricky,Council IV
1631173,Terquavion,Smith
1641877,Nathan,Mensah
1641998,Trey,Jemison III
1631250,Pete,Nance
1631386,Tazé,Moore
1641749,Keyontae,Johnson
1631241,Javon,Freeman-Liberty
1641787,Tosan,Evbuomwan
1630562,Matt,Hurt
1630929,Henri,Drell
1641809,Drew,Peterson
1641723,Kobe,Bufkin
1631338,Mouhamadou,Gueye
1631214,Alondes,Williams
1641970,Maozinha,Pereira
1641774,Tristan,Vukcevic
1630564,RaiQuan,Gray
1641847,Andrew,Funk
1642013,Malik,Williams
1641851,Timmy,Allen
1631243,Mouhamed,Gueye
1630311,Pat,Spencer
1641745,Adam,Flagler
1641842,Ronald,Holland II
1642275,Tidjane,Salaün
1642354,KJ,Simpson
1641783,Tristan,da Silva
1642402,Enrique,Freeman
1642277,Johnny,Furphy
1642278,Tyler,Kolek
1642359,Pacome,Dadiet
1630574,Ariel,Hukporti
1642258,Zaccharie,Risacher
1630811,Keaton,Wallace
1631248,Baylor,Scheierman
1642264,Stephon,Castle
1642434,Riley,Minix
1631127,Harrison,Ingram
1642263,Reed,Sheppard
1629098,Jack,McVeigh
1642261,Dalton,Knecht
1642355,Bronny,James
1641744,Zach,Edey
1642377,Jaylen,Wells
1642530,Yuki,Kawamura
1631247,Luke,Travers
1642281,Jaylon,Tyson
1642274,Yves,Missi
1641810,Antonio,Reeves
1641824,Matas,Buzelis
1641789,Jazian,Gortman
1642349,Ajay,Mitchell
1641794,Dillon,Jones
1642502,Malevy,Leons
1641725,Trey,Alexander
1642461,Spencer,Jones
1641796,Pelle,Larsson
1642276,Kel'el,Ware
1642346,Ryan,Dunn
1642345,Oso,Ighodaro
1642272,Jared,McCain
1641737,Adem,Bona
1642419,Jamison,Battle
1642347,Jamal,Shead
1642266,Ja'Kobe,Walter
1642367,Jonathan,Mogbo
1642403,Isaac,Jones
1642265,Rob,Dillingham
1630545,Terrence,Shannon Jr.
1642262,Cody,Williams
1642271,Kyle,Filipowski
1642268,Isaiah,Collier
1641890,Tyler,Smith
1641857,Liam,Robbins
1642270,Donovan,Clingan
1642385,Cui,Yongxi
1642259,Alex,Sarr
1642267,Bub,Carrington
1642273,Kyshawn,George
1642358,AJ,Johnson
1642348,Justin,Edwards
1641803,Tristen,Newton
1642366,Quinten,Post
1642353,Cam,Christie
1641790,PJ,Hall
1631255,Karlo,Matković
1642382,Branden,Carlson
1642505,Alex,Ducas
1642439,Quincy,Olivari
1642422,Armel,Traoré
1642285,Cam,Spencer
1642279,Ulrich,Chomche
1642280,Trentyn,Flowers
1642352,Keshad,Johnson
1641727,Dariq,Whitehead
1641740,Jaylen,Clark
1630618,D.J.,Carton
1642384,Isaiah,Crawford
1641989,Elijah,Harkless
1641736,Reece,Beekman
1631342,Daeqwon,Plowden
1642484,RayJ,Dennis
1642269,Devin,Carter
1630283,Kylor,Kelley
1641752,Bobi,Klintman
1642389,Zyon,Pullin
1641801,Emanuel,Miller
1642450,Daniss,Jenkins
1642050,Jackson,Rowe
1631232,Keion,Brooks Jr.
1641779,Jalen,Bridges
1642368,N'Faly,Dante
1641878,Damion,Baugh
1627755,Tyler,Ulis
1627753,Zhou,Qi
1629122,J.P.,Macura
203112,Quincy,Acy
203564,Kalin,Lucas
203816,Scotty,Hopson
204076,Richard,Solomon
1626154,RJ,Hunter
1629541,Dairis,Bertans
201281,Andre,Ingram
1627738,Deyonta,Davis
203159,Scott,Machado
202690,Jimmer,Fredette
1628610,Cody,Demps
1627215,Walt,Lemon Jr.
1629203,Jemerrio,Jones
1629353,Isaac,Humphries
1628656,Billy,Garrett
27013,Mingxin,Ju
64098,Dong,Hanlin
64097,Luo,Xudong
64100,Zhang,Zhaoxu
1966938129,Hanchen,Luo
64091,Cai,Liang
64101,Wang,Tong
1962937772,Shi,Yuchen
1966938126,Chunjun,Zhang
1966938127,Yongsheng,Wu
64092,Huang,Xu
64099,Zhu,Ying
1966938128,Qunfei,Deng
1966938125,Gen,Li
64094,Tang,Zihao
203461,Anthony,Bennett
1629615,James,Palmer Jr.
1629097,Terry,Larrier
1629721,JaKeenan,Gant
203912,C.J.,Wilcox
1629753,Isaiah,Pineiro
1966938135,Jimmy,De Oliveira
1966938133,Lucas,Dias
1966938139,Rafael,Hettsheimeir
1966938141,David,Jackson
1966938137,Luciano,Parodi
1966938132,Elio,Netto
1966938136,Carlos,Schattmann
1966938134,Lucas,Cipolini
1966938142,Guilherme,Braga
1966938138,Augusto,Alcassa
1966938140,Lucas,Batista
1966938131,Marcio,Santos
1629786,John,Egbunu
204065,David,Stockton
203906,Devyn,Marble
1629755,Hassani,Gravett
1629664,Dedric,Lawson
64071,Anthony,Drmic
203547,Eric,Griffin
64070,Daniel,Johnson
203377,Ramone,Moore
1966938149,Jerome,Randall
64063,Brendan,Teys
1966938148,Daniel,Dillon
56599,Deshon,Taylor
1966938145,Obi,Kyei
1966938146,Kevin,White
1629096,Harry,Froling
1966938147,Alex,Mudronja
1966938157,Scott,Suggs
64013,Roman,Sorkin
1966938154,Eric,Anderson
203923,James,Young
1966938158,Gregory,Vargas
201575,Brandon,Rush
1966938156,Jonathan,Mor
64015,Willy,Workman
202708,Norris,Cole
1966938153,Gil,Amitay
64010,Daniel,Koperberg
1966938155,David,Cohn
1629759,Ahmed,Hill
1629616,Josh,Perkins
1629232,Kaiser,Gates
1962937764,Dong,Hanlin
1962937759,Cai,Liang
1962937767,Wang,Tong
1962937766,Zhang,Zhaoxu
1962937760,Huang,Xu
1962937762,Tang,Zihao
1966938168,Marcus,Mata
1966938173,Justin,Wiliams
1966938169,Facundo,Pinero
1966938171,Darquavis,Tucker
1966938162,Gustavo,Aguirre
1966938167,Luciano,Gonzalez
1966938165,Agustin,Caffaro
1966938163,Esteban,Batista
1966938166,Maximo,Fjelurup
1966938172,Jose,Vildoza
1966938170,Firmin,Thygesen
1966938164,Christian,Bihurriet
2207,Joe,Johnson
1629270,Todd,Withers
1629609,Amir,Hinton
1629722,V.J.,King
1629777,Lamar,Peters
1629595,Phil,Booth
1629824,Jalen,Adams
1629715,Javon,Bess
1628448,Kavell,Bigby-Williams
1629612,Luke,Maye
1629779,Justin,Simon
1629825,Perrion,Callandret
1628495,Milton,Doyle
1628996,Sagaba,Konate
1627819,Isaiah,Taylor
1966938178,CJ,Harris
203094,Andrew,Nicholson
64133,Yongpeng,Zhang
64140,Ying-Chun,Chen
64139,Kun,Si
1627875,Marcus,Georges-Hunt
27011,Kai,Guo
27012,Yifeng,Heng
64137,Zhun,Zheng
1966938179,Fengbo,Liu
64136,Tianyi,Yao
27010,Yuezhou,Gu
1629746,Christ,Koumadje
1627776,Isaiah,Miles
1626165,Brandon,Ashley
1966938182,Robert,Loe
1626290,Corey,Webster
1966938183,R.J.,Hampton
1966938184,Sek,Henry
1627114,Tom,Abercrombie
64086,Jarrad,Weeks
1966938185,Ater,Majok
1966938187,Ethan,Rusbatch
1966938186,Tom,Vodanovich
1966938181,Finn,Delaney
64081,Jordan,Ngatai
1629729,Josh,Reaves
1629819,Yudai,Baba
1629689,Aric,Holman
203583,Abdul,Gaddy
1627988,Myke,Henry
1629818,Jordan,Murphy
1629749,David,Kramer
1629826,Norense,Odiase
1628506,London,Perrantes
1962937727,Kai,Guo
1966938197,Tianyo,Yao
1966938196,Yuheng,Tian
27007,Zhun,Zheng
1629860,Jon,Davis
1629800,Kavion,Pippen
64022,Mitch,McCarron
1966938209,Jo,Lual-Acuil Jr
1627848,Shawn,Long
64030,Chris,Goulding
1628453,Melo,Trimble
64023,Tohi,Smith-Milner
1626148,Anthony,Brown
64029,Alex,Pledger
64078,Shea,Ili
1966938208,Quincy,Miller
7020,Dillon,Stith
64019,Sam,Short
203138,Hollis,Thompson
1627858,Kyle,Collinsworth
1628967,Tyus,Battle
1629956,Barry,Brown Jr.
42824,Chris,Goulding
7021,Tohi,Smith-Milner
1962937787,Sam,Short
203687,Reggie,Hearn
1629967,Skyler,Flatten
204215,Bubu,Palo
1629806,B.J.,Taylor
1629747,CJ,Massinburg
1629070,Matur,Maker
1629305,Marcus,Allen
1629005,Malik,Newman
1629071,LiAngelo,Ball
1630602,Chaundee,Brown Jr.
1629148,Johnny,Hamilton
1630627,Isaiah,Miller
1630665,Matt,Lewis
1630306,Rob,Edwards
1630617,MaCio,Teague
1630247,Derrick,Alston Jr.
1630645,Matt,Coleman III
1630569,DJ,Steward
204028,Tarik,Black
1630603,Aamir,Simms
1630640,MJ,Walker
1630642,Mitch,Ballock
1630679,Ethan,Thompson
1630693,Jaime,Echenique
203948,Johnny,O'Bryant III
203099,Jared,Cunningham
1630607,Chris,Smith
1630651,Romeo,Weems
1630777,Jeremiah,Tilmon
1630622,Jalen,Crutcher
1630787,Cameron,McGriff
1630275,Jordan,Bowden
1630672,Brandon,Rachal
1630791,James,Banks III
1630793,Giorgi,Bezhanishvili
1630801,Ibi,Watson
1630675,Devontae,Shuler
1630835,LJ,Figueroa
1630758,Aleem,Ford
1629788,Tyler,Hall
1627760,Cat,Barber
1630707,Malik,Ellison
1629600,Jarron,Cumberland
1628591,Craig,Sword
1629309,Trayvon,Palmer
1629460,Justin,Tillman
1628238,Paris,Bass
201596,Mario,Chalmers
1629873,Jaysean,Paige
1630652,Trevion,Williams
196294093,Alon,Sapir
196294092,Anthony,Morse
196294094,Jason,Siggers
196294085,Rom,Geffen
196294088,Alex,Leder
196294089,Jordan,Lewis
1627362,Briante,Weber
196294086,Daniel,Hillel
196294087,Jonathan,Holton
196294090,Ziv,Maoz
196294084,Leandro,Garcia Morales
196294091,Gilad,Melnik
196294083,Niv,Avidan
1631238,Michael,Devoe
1631351,Lucas,Williamson
1631368,Justin,Bean
1631301,Jaylen,Sims
1631347,Anthony,Duruji
1631348,Isaiah,Whaley
1631122,Gabe,Brown
1631339,Tommy,Kuhse
196294102,Antonius,Cleveland
196294101,Robert,Franks
196294111,Daniel,Johnson
196294108,Craig,Randall II
196294106,Mitch,McCarron
196294114,Sunday,Dech
196294107,Kai,Sotto
196294103,Anthony,Drmic
196294112,Hyrum,Harris
196294105,Nick,Marshall
196294104,Deng,Acuoth
196294109,Cameron,Thew
196294113,Fiston,Ipassou
196294110,Kyrin,Galloway
1630248,Sacha,Killeya-Jones
1631317,Adonis,Arms
1631371,Grant,Golden
1631242,Kellan,Grady
1631322,Javante,McCoy
1630566,John,Petty Jr.
1631171,Justin,Lewis
1631234,Marcus,Bingham Jr.
1630623,Tyson,Etienne
196294136,Willy,Workman
196294141,Norris, Cole
196294138,Terrence,Jones
196294140,Briante,Weber
196294095,Sindarius,Thornwell
196294137,Jeff,Adrien
196294139,Okaro,White
1631455,Jaden,Shackelford
1630588,Makur,Maker
1631300,Drake,Jeffries
1630321,Nate,Pierre-Louis
1630601,EJ,Onu
1641948,Jordan,Walker
1641756,Mike,Miles Jr.
1641941,Vincent,Valerio-Bodon
1641881,Javan,Johnson
1630660,Kendric,Davis
1641972,Max,Heidegger
1631166,Drew,Timme
1641760,Omari,Moore
1641773,Azuolas,Tubelis
1641792,Joey,Hauser
1641795,Taevion,Kinsey
1641861,Nick,Ongenda
1631258,Bryson,Williams
196294544,Dzanan,Musa
196294542,Guerschon,Yabusele
196294540,Walter,Tavares
196294541,Sergio,Llull
196294533,Rodolfo,Fernandez
196294539,Vincent,Poirier
196294538,Sergio,Rodriguez
196294537,Mario,Hezonja
196294543,Eli,John Ndiaye
196294534,Alberto,Abalde
196294532,Ismaila,Diagne
196294530,Fabien,Causeur
196294536,Hugo,Gonzalez
196294535,Mitar,Bosnjakovic
196294531,Egor,Demin
196294562,Bul,Kuol
196294554,Lat,Mayen
196294555,Akoldah,Gak
196294549,Tahjere,McCall
196294550,Patrick,Miller
196294560,Bobi,Klintman
196294558,Josh,Roberts
196294551,Taran,Armstrong
196294553,Jonah,Antonio
1641914,Chase,Audige
1641920,Justin,Powell
1641936,Miles,Norris
1630571,Matthew,Mayer
1641856,Tevian,Jones
1641805,Landers,Nolley II
1641859,Souley,Boum
1641848,Armaan,Franklin
196294573,Tom, Abercrombie
196294578,Zylan,Cheatham
196294572,Mangok,Mathiang
196294571,Will,McDowell-White
196294570,Parker,Jackson-Cartwright
196294577,Anthony,Lamb
196294569,Cam,Gliddon
196294574,Dane,Pineau
196294568,Izayah,Le'Afa
196294576,Dan,Fotu
196294567,Alex,McNaught
196294575,Dom,Kelman-Poto
1642022,George,Conditt IV
1628435,Chance,Comanche
196294583,Dwayne,Bacon
196294592,Jonathan,Mor
196294585,Bruno,Caboclo
196294596,Dakarai,Tucker
196294597,Quinndary,Weatherspoon
196294581,Eidan,Alber
196294587,Julien,Ducree
196294586,Mamadi,Diakite
196294595,Jason,Siggers
196294582,Yonatan,Atias
196294588,Ashton,Hagans
196294589,Ori,Hai
196294584,Yoav,Berman
196294594,Jared,Ruiz
196294591,Nathan,Missia-Dio
196294590,Alex,Leder
196294593,Yogev,Ohayon
1,Tyson,Walker
1641864,Keshawn,Justice
196294557,Sam,Waardenburg
196294600,Elfrid,Peyton
196294559,Lachlan,Anderson
1631421,Au'Diese,Toney
196294602,Mantas,Rubstavicius
196294603,Finn,Delany
1631167,Izaiah,Brockington
1641799,Caleb,McConnell
1642113,Bryce,Wills
1641863,Dane,Goodwin
1641868,Jake,Stephens
196294608,Didi,Louzada
196294613,Marko,Filipovity
196294610,Gabriel,Jau
196294604,Gui,Deodato
196294607,Franco,Balbi
196294606,Scott,Machado
196294609,Maique,Tavares
196294614,Martin,Cuello
196294611,Olivinha,
196294612,Felipe,Motta
196294605,Matheus,Leoni
196294615,Caio,Brandao
1631376,Dmytro,Skapintsev
1641945,Jaylin,Galloway
1641817,Anton,Watson
1642400,Tristan,Enaruna
1642443,Jahmir,Young
1642440,Gabe,McGlothan
1641747,DaRon,Holmes II
1642444,Jaylin,Williams
196295062,Max,Darling
196295068,Jonah,Bolden
196295056,Sam,Mennenga
196295063,Matt,Mooney
196295058,Parker,Jackson-Cartwright
196295061,Grant,Anticevich
196295059,Mojave,King
196295067,Freddie,Gillespie
196295060,Mitch,McCarron
196295054,Karim,Lopez
196295053,Alex,McNaught
196295069,Jordan,Floyd
196295055,Sean,Bairstow
196295065,Carlin,Davison
196295066,Dane,Pineau
196295057,Kaia,Isaac
196295064,Chris,Arcidiacono
196295070,Tacko,Fall
1630546,Max,Abmas
1642399,Jesse,Edwards
1642396,Blake,Hinson
1641755,Kevin,McCullar Jr.
1631499,Alex,O'Connell
1631231,James,Akinjo
1642449,Tolu,Smith
1642473,Moses,Wood
1641758,Judah,Mintz
1630733,Jordan,Tucker
1642499,Max,Fiedler
1630654,Armando,Bacot
1642481,Jamarion,Sharp
1642504,Cormac,Ryan
1642024,Alex,Reese
1641915,Caleb,Daniels
1641815,Isaiah,Stevens
1642401,Aaron,Estrada
1642046,Miller,Kopp
1642260,Nikola,Topić
1642407,Boogie,Ellis
1641907,Erik,Stevenson
1642490,Josh,Oduro
1642514,Warren,Washington
1642019,Will,Richardson
1641917,Taylor,Funk
1630342,Trhae,Mitchell
196295092,Justinian,Jessup
196295093,Noa,Essengue
196295095,Philipp,Herkenhoff
196295091,Alfonso, Plummer
196295100,Ben,Saraf
196295088,Nelson,Weidemann
196295094,Nicolas,Bretzel
196295089,Marcio,Santos
196295098,Thomas,Klepeisz
196295090,Tobias,Jensen
196295097,Alec,Anigbata
196295099,Karim,Jallow
196295096,Isaiah,Roby
1642486,Boo,Buie III
1631457,Alex,Morales
1642438,Grayson,Murphy
1641772,Nae'Qwan,Tomlin
1641879,Yuri,Collins
